_id,id,text,emotion_raw_gt,emotion_mapped_gt,sentiment,certainty,justification,date,time,emotion_raw_llm,emotion_mapped_llm,certainty_emotion,justification_emotion,date_emotion,time_emotion,emotion_with_sentiment_raw_llm,emotion_mapped_with_sentiment,certainty_emotion_with_sentiment,justification_emotion_with_sentiment,processing_date_emotion_with_sentiment,processing_hour_emotion_with_sentiment
6a28807e67e7283abc804528,4,i am feeling grouchy,anger,anger,negative,95,,2026-06-09,23:07:08,annoyance,anger,90,,2026-06-09,23:07:09,annoyance,anger,90,,2026-06-09,23:07:10
6a28807f67e7283abc804529,7,i feel as confused about life as a teenager or as jaded as a year old man,fear,fear,negative,85,,2026-06-09,23:07:07,confusion,neutral,90,,2026-06-09,23:07:09,confusion,neutral,95,,2026-06-09,23:07:11
6a28808067e7283abc80452a,5,ive been feeling a little burdened lately wasnt sure why that was,sadness,sadness,negative,80,,2026-06-09,23:07:08,sadness,sadness,70,,2026-06-09,23:07:09,sadness,sadness,80,,2026-06-09,23:07:12
6a28808067e7283abc80452b,1,i can go from feeling so hopeless to so damned hopeful just from being around someone who cares and is awake,sadness,sadness,positive,95,,2026-06-09,23:07:08,optimism,joy,90,,2026-06-09,23:07:10,optimism,joy,90,,2026-06-09,23:07:12
6a28808167e7283abc80452c,2,im grabbing a minute to post i feel greedy wrong,anger,anger,negative,90,,2026-06-09,23:07:08,remorse,sadness,80,,2026-06-09,23:07:10,remorse,sadness,0.85,,2026-06-09,23:07:13
6a28808367e7283abc80452d,0,i didnt feel humiliated,sadness,sadness,positive,70,,2026-06-09,23:07:11,relief,joy,70,,2026-06-09,23:07:13,relief,joy,85,,2026-06-09,23:07:15
6a28808467e7283abc80452e,9,i feel romantic too,love,love,positive,90,,2026-06-09,23:07:12,love,love,95,,2026-06-09,23:07:13,love,love,0.9,,2026-06-09,23:07:16
6a28808467e7283abc80452f,6,ive been taking or milligrams or times recommended amount and ive fallen asleep a lot faster but i also feel like so funny,surprise,surprise,neutral,70,,2026-06-09,23:07:08,amusement,joy,70,,2026-06-09,23:07:11,amusement,joy,0.7,,2026-06-09,23:07:16
6a28808467e7283abc804530,8,i have been with petronas for years i feel that petronas has performed well and made a huge profit,joy,joy,positive,95,,2026-06-09,23:07:12,approval,joy,90,,2026-06-09,23:07:13,admiration,joy,0.9,,2026-06-09,23:07:16
6a28808567e7283abc804531,3,i am ever feeling nostalgic about the fireplace i will know that it is still on the property,love,love,positive,85,,2026-06-09,23:07:08,sadness,sadness,0.8,,2026-06-09,23:07:13,joy,joy,80,,2026-06-09,23:07:17
6a28808567e7283abc804532,11,i do feel that running is a divine experience and that i can expect to have some type of spiritual encounter,joy,joy,positive,95,,2026-06-09,23:07:13,admiration,joy,90,,2026-06-09,23:07:15,joy,joy,90,,2026-06-09,23:07:17
6a28808667e7283abc804533,12,i think it s the easiest time of year to feel dissatisfied,anger,anger,negative,90,,2026-06-09,23:07:14,disappointment,sadness,85,,2026-06-09,23:07:16,disappointment,sadness,0.9,,2026-06-09,23:07:18
6a28808767e7283abc804534,10,i feel like i have to make the suffering i m seeing mean something,sadness,sadness,negative,70,,2026-06-09,23:07:13,sadness,sadness,70,,2026-06-09,23:07:17,sadness,sadness,85,,2026-06-09,23:07:19
6a28808967e7283abc804535,16,i didnt really feel that embarrassed,sadness,sadness,neutral,90,,2026-06-09,23:07:17,neutral,neutral,90,,2026-06-09,23:07:19,neutral,neutral,90,,2026-06-09,23:07:21
6a28808967e7283abc804536,13,i feel low energy i m just thirsty,sadness,sadness,negative,70,,2026-06-09,23:07:17,neutral,neutral,90,,2026-06-09,23:07:19,sadness,sadness,70,,2026-06-09,23:07:21
6a28808a67e7283abc804537,14,i have immense sympathy with the general point but as a possible proto writer trying to find time to write in the corners of life and with no sign of an agent let alone a publishing contract this feels a little precious,joy,joy,negative,90,,2026-06-09,23:07:17,annoyance,anger,0.8,,2026-06-09,23:07:20,annoyance,anger,0.85,,2026-06-09,23:07:22
6a28808a67e7283abc804538,17,i feel pretty pathetic most of the time,sadness,sadness,negative,100,,2026-06-09,23:07:18,sadness,sadness,90,,2026-06-09,23:07:20,sadness,sadness,90,,2026-06-09,23:07:22
6a28808a67e7283abc804539,15,i do not feel reassured anxiety is on each side,joy,joy,negative,90,,2026-06-09,23:07:17,fear,fear,85,,2026-06-09,23:07:20,nervousness,fear,90,,2026-06-09,23:07:22
6a28808d67e7283abc80453a,19,i now feel compromised and skeptical of the value of every unit of work i put in,fear,fear,negative,95,,2026-06-09,23:07:19,disappointment,sadness,80,,2026-06-09,23:07:22,disappointment,sadness,90,,2026-06-09,23:07:25
6a28808d67e7283abc80453b,18,i started feeling sentimental about dolls i had as a child and so began a collection of vintage barbie dolls from the sixties,sadness,sadness,positive,95,,2026-06-09,23:07:19,caring,love,80,,2026-06-09,23:07:23,joy,joy,80,,2026-06-09,23:07:25
6a28808e67e7283abc80453c,20,i feel irritated and rejected without anyone doing anything or saying anything,anger,anger,negative,95,,2026-06-09,23:07:21,annoyance,anger,90,,2026-06-09,23:07:24,annoyance,anger,95,,2026-06-09,23:07:26
6a28808f67e7283abc80453d,23,i was able to help chai lifeline with your support and encouragement is a great feeling and i am so glad you were able to help me,joy,joy,positive,95,,2026-06-09,23:07:23,gratitude,joy,90,,2026-06-09,23:07:25,gratitude,joy,0.9,,2026-06-09,23:07:27
6a28808f67e7283abc80453e,24,i already feel like i fucked up though because i dont usually eat at all in the morning,anger,anger,negative,95,,2026-06-09,23:07:23,remorse,sadness,0.85,,2026-06-09,23:07:26,remorse,sadness,0.85,,2026-06-09,23:07:27
6a28809067e7283abc80453f,22,i have the feeling she was amused and delighted,joy,joy,positive,95,,2026-06-09,23:07:23,amusement,joy,90,,2026-06-09,23:07:25,amusement,joy,70,,2026-06-09,23:07:28
6a28809167e7283abc804540,25,i still love my so and wish the best for him i can no longer tolerate the effect that bm has on our lives and the fact that is has turned my so into a bitter angry person who is not always particularly kind to the people around him when he is feeling stressed,sadness,sadness,negative,0.75,,2026-06-09,23:07:25,sadness,sadness,80,,2026-06-09,23:07:26,sadness,sadness,90,,2026-06-09,23:07:29
6a28809267e7283abc804541,27,i become overwhelmed and feel defeated,sadness,sadness,negative,90,,2026-06-09,23:07:27,sadness,sadness,90,,2026-06-09,23:07:28,sadness,sadness,90,,2026-06-09,23:07:30
6a28809367e7283abc804542,26,i feel so inhibited in someone elses kitchen like im painting on someone elses picture,sadness,sadness,negative,95,,2026-06-09,23:07:26,annoyance,anger,70,,2026-06-09,23:07:29,nervousness,fear,0.85,,2026-06-09,23:07:31
6a28809467e7283abc804543,21,i am feeling completely overwhelmed i have two strategies that help me to feel grounded pour my heart out in my journal in the form of a letter to god and then end with a list of five things i am most grateful for,fear,fear,positive,70,,2026-06-09,23:07:23,nervousness,fear,75,,2026-06-09,23:07:26,gratitude,joy,0.7,,2026-06-09,23:07:32
6a28809467e7283abc804544,28,i feel kinda appalled that she feels like she needs to explain in wide and lenghth her body measures etc pp,anger,anger,negative,90,,2026-06-09,23:07:27,disgust,disgust,90,,2026-06-09,23:07:29,disgust,disgust,90,,2026-06-09,23:07:32
6a28809467e7283abc804545,30,i get giddy over feeling elegant in a perfectly fitted pencil skirt,joy,joy,positive,95,,2026-06-09,23:07:29,excitement,joy,90,,2026-06-09,23:07:30,excitement,joy,0.9,,2026-06-09,23:07:32
6a28809567e7283abc804546,29,i feel more superior dead chicken or grieving child,joy,joy,negative,70,,2026-06-09,23:07:28,confusion,neutral,60,,2026-06-09,23:07:31,disgust,disgust,70,,2026-06-09,23:07:33
6a28809667e7283abc804547,32,i have seen heard and read over the past couple of days i am left feeling impressed by more than a few companies,surprise,surprise,positive,90,,2026-06-09,23:07:30,admiration,joy,90,,2026-06-09,23:07:32,admiration,joy,0.95,,2026-06-09,23:07:34
6a28809667e7283abc804548,31,i remember feeling acutely distressed for a few days,fear,fear,negative,0.9,,2026-06-09,23:07:30,sadness,sadness,85,,2026-06-09,23:07:32,sadness,sadness,85,,2026-06-09,23:07:34
6a28809967e7283abc804549,33,i climbed the hill feeling frustrated that id pretty much paced entirely wrong for this course and that a factor that has never ever hampered me had made such a dent in the day,anger,anger,negative,95,,2026-06-09,23:07:32,annoyance,anger,90,,2026-06-09,23:07:34,annoyance,anger,90,,2026-06-09,23:07:37
6a28809967e7283abc80454a,35,i am not sure what would make me feel content if anything,joy,joy,negative,75,,2026-06-09,23:07:33,confusion,neutral,0.85,,2026-06-09,23:07:35,confusion,neutral,70,,2026-06-09,23:07:37
6a28809967e7283abc80454b,34,i can t imagine a real life scenario where i would be emotionally connected enough with someone to feel totally accepted and safe where it it morally acceptable for me to have close and prolonged physical contact and where sex won t be expected subsequently,joy,joy,negative,90,,2026-06-09,23:07:33,sadness,sadness,75,,2026-06-09,23:07:35,sadness,sadness,90,,2026-06-09,23:07:37
6a28809a67e7283abc80454c,36,i have been feeling the need to be creative,joy,joy,neutral,90,,2026-06-09,23:07:34,neutral,neutral,90,,2026-06-09,23:07:35,desire,neutral,80,,2026-06-09,23:07:38
6a28809c67e7283abc80454d,40,i plan to share my everyday life stories traveling adventures inspirations and handmade creations with you and hope you will also feel inspired,joy,joy,positive,95,,2026-06-09,23:07:36,optimism,joy,80,,2026-06-09,23:07:37,optimism,joy,0.9,,2026-06-09,23:07:40
6a28809c67e7283abc80454e,39,i need you i need someone i need to be protected and feel safe i am small now i find myself in a season of no words,joy,joy,negative,85,,2026-06-09,23:07:35,fear,fear,75,,2026-06-09,23:07:38,fear,fear,80,,2026-06-09,23:07:40
6a28809c67e7283abc80454f,37,i do however want you to know that if something someone is causing you to feel less then your splendid self step away from them,joy,joy,positive,70,,2026-06-09,23:07:35,caring,love,90,,2026-06-09,23:07:37,caring,love,0.95,,2026-06-09,23:07:40
6a28809c67e7283abc804550,38,i feel a bit rude writing to an elderly gentleman to ask for gifts because i feel a bit greedy but what is christmas about if not mild greed,anger,anger,negative,80,,2026-06-09,23:07:35,embarrassment,sadness,70,,2026-06-09,23:07:37,embarrassment,sadness,70,,2026-06-09,23:07:40
6a28809e67e7283abc804551,43,i feel very strongly passionate about when some jerk off decides to poke and make fun of us,joy,joy,negative,95,,2026-06-09,23:07:39,anger,anger,90,,2026-06-09,23:07:40,anger,anger,90,,2026-06-09,23:07:42
6a28809f67e7283abc804552,41,i already have my christmas trees up i got two and am feeling festive which i m sure is spurring me to get started on this book,joy,joy,positive,95,,2026-06-09,23:07:38,joy,joy,90,,2026-06-09,23:07:41,joy,joy,0.9,,2026-06-09,23:07:43
6a28809f67e7283abc804553,42,ive worn it once on its own with a little concealer and for the days im feeling brave but dont want to be pale then its perfect,joy,joy,positive,95,,2026-06-09,23:07:39,approval,joy,80,,2026-06-09,23:07:41,approval,joy,0.95,,2026-06-09,23:07:43
6a2880a067e7283abc804554,44,i was feeling so discouraged we are already robbing peter to pay paul to get our cow this year but we cant afford to not get the cow this way,sadness,sadness,negative,0.9,,2026-06-09,23:07:39,disappointment,sadness,0.95,,2026-06-09,23:07:42,disappointment,sadness,0.9,,2026-06-09,23:07:44
6a2880a067e7283abc804555,47,i can t let go of that sad feeling that i want to be accepted here in this first home of mine,love,love,negative,85,,2026-06-09,23:07:42,sadness,sadness,95,,2026-06-09,23:07:43,sadness,sadness,90,,2026-06-09,23:07:44
6a2880a167e7283abc804556,48,on a boat trip to denmark,joy,joy,neutral,95,,2026-06-09,23:07:42,neutral,neutral,90,,2026-06-09,23:07:43,neutral,neutral,95,,2026-06-09,23:07:45
6a2880a267e7283abc804557,46,i lost my special mind but don t worry i m still sane i just wanted you to feel what i felt while reading this book i don t know how many times it was said that sam was special but i can guarantee you it was many more times than what i used in that paragraph did i tell you she was special,joy,joy,negative,85,,2026-06-09,23:07:42,annoyance,anger,70,,2026-06-09,23:07:44,annoyance,anger,0.75,,2026-06-09,23:07:46
6a2880a367e7283abc804558,45,i was feeling listless from the need of new things something different,sadness,sadness,negative,85,,2026-06-09,23:07:41,disappointment,sadness,70,,2026-06-09,23:07:45,sadness,sadness,0.85,,2026-06-09,23:07:47
6a2880a467e7283abc804559,51,i found myself feeling a little discouraged that morning,sadness,sadness,negative,90,,2026-06-09,23:07:45,disappointment,sadness,90,,2026-06-09,23:07:47,disappointment,sadness,90,,2026-06-09,23:07:48
6a2880a567e7283abc80455a,49,i stopped feeling cold and began feeling hot,anger,anger,neutral,90,,2026-06-09,23:07:44,neutral,neutral,60,,2026-06-09,23:07:46,neutral,neutral,95,,2026-06-09,23:07:49
6a2880a667e7283abc80455b,50,i need to feel the dough to make sure its just perfect,joy,joy,neutral,85,,2026-06-09,23:07:45,neutral,neutral,90,,2026-06-09,23:07:47,desire,neutral,60,,2026-06-09,23:07:50
6a2880a667e7283abc80455c,53,i was stymied a little bit as i wrote feeling unsure that i might go somewhere with the story unintended,fear,fear,negative,70,,2026-06-09,23:07:46,confusion,neutral,80,,2026-06-09,23:07:48,confusion,neutral,0.85,,2026-06-09,23:07:50
6a2880a667e7283abc80455d,52,i feel selfish and spoiled,anger,anger,negative,95,,2026-06-09,23:07:45,remorse,sadness,75,,2026-06-09,23:07:47,remorse,sadness,85,,2026-06-09,23:07:50
6a2880a767e7283abc80455e,54,i bag qaf look who s cryin now jacynthe lookin good feelin gorgeous rupaul the skins scissor sisters valentine the sun fed up kayle who s your daddy gerling awake the unkind u,joy,joy,positive,70,,2026-06-09,23:07:47,neutral,neutral,90,,2026-06-09,23:07:49,pride,joy,70,,2026-06-09,23:07:51
6a2880a867e7283abc80455f,56,i hate living under my dads roof because it gives him an excuse to be an asshole to me because hes providing for me to live here i think he feels that he needs to make me feel as unwelcome as possible so ill leave,sadness,sadness,negative,95,,2026-06-09,23:07:48,anger,anger,92,,2026-06-09,23:07:50,anger,anger,0.95,,2026-06-09,23:07:52
6a2880a967e7283abc804560,55,i feel you know basically like a fake in the realm of science fiction,sadness,sadness,negative,90,,2026-06-09,23:07:47,embarrassment,sadness,70,,2026-06-09,23:07:51,disappointment,sadness,85,,2026-06-09,23:07:53
6a2880aa67e7283abc804561,57,i keep feeling pleasantly surprised at his supportiveness and also his ease in new situations,surprise,surprise,positive,95,,2026-06-09,23:07:50,surprise,surprise,0.9,,2026-06-09,23:07:52,surprise,surprise,90,,2026-06-09,23:07:54
6a2880aa67e7283abc804562,59,i feel my mom s graceful warm loving smile as i rob the time to nurture myself and heal,joy,joy,positive,95,,2026-06-09,23:07:51,love,love,90,,2026-06-09,23:07:53,love,love,0.9,,2026-06-09,23:07:54
6a2880ab67e7283abc804563,58,i have this feeling that if i have anymore vigorous sexual activity in the coming yes i misspelt that as cumming days parts of me will begin to fall off,joy,joy,negative,95,,2026-06-09,23:07:51,fear,fear,75,,2026-06-09,23:07:53,fear,fear,90,,2026-06-09,23:07:55
6a2880ac67e7283abc804564,60,i feel in they talk the brother in law is extremely popular the one that had no me to think is so stiff,joy,joy,negative,70,,2026-06-09,23:07:52,confusion,neutral,70,,2026-06-09,23:07:54,disapproval,anger,80,,2026-06-09,23:07:56
6a2880ac67e7283abc804565,62,i feel like we are pressured into being young beautiful thin and depending on the trend having the girls rejuvenated or butt implants,fear,fear,negative,90,,2026-06-09,23:07:53,annoyance,anger,85,,2026-06-09,23:07:54,annoyance,anger,85,,2026-06-09,23:07:56
6a2880ac67e7283abc804566,61,i ate i could feel a gentle tingle throughout almost as if i was feeling the healing taking place at a cellular level,love,love,positive,95,,2026-06-09,23:07:52,relief,joy,0.9,,2026-06-09,23:07:54,joy,joy,0.85,,2026-06-09,23:07:56
6a2880ad67e7283abc804567,64,i am now nearly finished the week detox and i feel amazing,surprise,surprise,positive,95,,2026-06-09,23:07:54,joy,joy,90,,2026-06-09,23:07:55,joy,joy,0.95,,2026-06-09,23:07:57
6a2880ae67e7283abc804568,63,i began having them several times a week feeling tortured by the hallucinations moving people and figures sounds and vibrations,fear,fear,negative,95,,2026-06-09,23:07:54,fear,fear,0.9,,2026-06-09,23:07:56,fear,fear,0.85,,2026-06-09,23:07:58
6a2880af67e7283abc804569,65,i feel selfish as i read back to my former posts how i have never asked for prayers for others how i never considered that there may be others out there that deserve their prayers answered before my own,anger,anger,negative,90,,2026-06-09,23:07:55,remorse,sadness,90,,2026-06-09,23:07:57,remorse,sadness,0.9,,2026-06-09,23:07:58
