id,text,emotion_gt,emotion_gt_mapped,sentiment_gemini,certainty_sentiment_gemini,justification_sentiment_gemini,total_process_time_seconds_gemini,emotion_gemini,certainty_emotion_gemini,justification_emotion_gemini,processing_date_sentiment,processing_hour_sentiment,processing_date_emotion,processing_hour_emotion,sentiment_TextBlob,polarity_TextBlob,subjectivity_TextBlob,sentiment_VADER,compound_VADER,pos_VADER,neg_VADER,neu_VADER,sentiment_BERT
eebbqej,My favourite food is anything I didn't have to cook myself.,neutral,neutral,positive,98%,,,joy,95%,,2026-04-28,19:59:25,2026-04-28,19:59:33,=,0.0,0.0,=,0.0,0.0,0.0,1.0,+
ed00q6i,"Now if he does off himself, everyone will think hes having a laugh screwing with people instead of actually dead",neutral,neutral,negative,95%,,,anger,95%,,2026-04-28,19:59:35,2026-04-28,19:59:41,+,0.04999999999999999,0.25,-,-0.3818,0.14,0.24,0.62,-
eezlygj,WHY THE FUCK IS BAYLESS ISOING,anger,anger,negative,99%,,,anger,95%,,2026-04-28,19:59:43,2026-04-28,19:59:45,-,-0.4,0.6,-,-0.5423,0.0,0.412,0.588,-
ed7ypvh,To make her feel threatened,fear,fear,negative,100%,,,fear,100%,,2026-04-28,19:59:46,2026-04-28,19:59:48,=,0.0,0.0,-,-0.4588,0.0,0.429,0.571,-
ed0bdzj,Dirty Southern Wankers,annoyance,anger,negative,100%,,,disgust,95%,,2026-04-28,19:59:50,2026-04-28,19:59:59,-,-0.3,0.4,-,-0.4404,0.0,0.592,0.408,-
edvnz26,OmG pEyToN iSn'T gOoD eNoUgH tO hElP uS iN tHe PlAyOfFs! Dumbass Broncos fans circa December 2015.,surprise,surprise,negative,95%,,,joy,95%,,2026-04-28,20:00:03,2026-04-28,20:00:08,+,0.35,0.55,-,-0.5571,0.117,0.274,0.609,-
ee3b6wu,Yes I heard abt the f bombs! That has to be why. Thanks for your reply ) until then hubby and I will anxiously wait 😝,gratitude,joy,positive,90%,,,joy,95%,,2026-04-28,20:00:14,2026-04-28,20:00:27,-,-0.024999999999999994,0.6,+,0.6114,0.228,0.074,0.698,+
ef4qmod,We need more boards and to create a bit more space for [NAME]. Then we’ll be good.,desire,neutral,positive,90%,,,joy,90%,,2026-04-28,20:00:30,2026-04-28,20:00:35,+,0.5666666666666667,0.5333333333333333,+,0.6124,0.263,0.0,0.737,+
ed8wbdn,Damn youtube and outrage drama is super lucrative for reddit,admiration,joy,negative,95%,,,anger,95%,,2026-04-28,20:00:42,2026-04-28,20:00:54,+,0.3333333333333333,0.6666666666666666,-,-0.2732,0.231,0.355,0.414,-
