id;text;emotion_gt;emotion_gt_mapped;sentiment_gemini;certainty_sentiment_gemini;justification_sentiment_gemini;total_process_time_seconds_gemini;emotion_gemini;certainty_emotion_gemini;justification_emotion_gemini;processing_date_sentiment;processing_hour_sentiment;processing_date_emotion;processing_hour_emotion;sentiment_TextBlob;polarity_TextBlob;subjectivity_TextBlob;sentiment_VADER;compound_VADER;pos_VADER;neg_VADER;neu_VADER;sentiment_BERT;emotion_raw_NRCLex;emotion_raw_EmoRoBERTa;emotion_raw_GoEmotions;emotion_mapped_NRCLex;emotion_mapped_EmoRoBERTa;emotion_mapped_GoEmotions
eebbqej;My favourite food is anything I didn't have to cook myself.;neutral;neutral;positive;98%;;1.007.866;joy;95%;;28/04/2026;19:59:25;28/04/2026;19:59:33;=;0.0;0.0;=;0.0;0.0;0.0;1.0;+;trust;joy;neutral;neutral;joy;neutral
ed00q6i;Now if he does off himself, everyone will think hes having a laugh screwing with people instead of actually dead;neutral;neutral;negative;95%;;1.007.866;anger;95%;;28/04/2026;19:59:35;28/04/2026;19:59:41;+;0.04999999999999999;0.25;-;-0.3818;0.14;0.24;0.62;-;surprise;neutral;neutral;surprise;neutral;neutral
eezlygj;WHY THE FUCK IS BAYLESS ISOING;anger;anger;negative;99%;;1.007.866;anger;95%;;28/04/2026;19:59:43;28/04/2026;19:59:45;-;-0.4;0.6;-;-0.5423;0.0;0.412;0.588;-;fear;anger;anger;fear;anger;anger
ed7ypvh;To make her feel threatened;fear;fear;negative;100%;;1.007.866;fear;100%;;28/04/2026;19:59:46;28/04/2026;19:59:48;=;0.0;0.0;-;-0.4588;0.0;0.429;0.571;-;fear;fear;fear;fear;fear;fear
ed0bdzj;Dirty Southern Wankers;annoyance;anger;negative;100%;;1.007.866;disgust;95%;;28/04/2026;19:59:50;28/04/2026;19:59:59;-;-0.3;0.4;-;-0.4404;0.0;0.592;0.408;-;fear;disgust;annoyance;fear;disgust;anger
edvnz26;OmG pEyToN iSn'T gOoD eNoUgH tO hElP uS iN tHe PlAyOfFs! Dumbass Broncos fans circa December 2015.;surprise;surprise;negative;95%;;1.007.866;joy;95%;;28/04/2026;20:00:03;28/04/2026;20:00:08;+;0.35;0.55;-;-0.5571;0.117;0.274;0.609;-;fear;surprise;surprise;fear;surprise;surprise
ee3b6wu;Yes I heard abt the f bombs! That has to be why. Thanks for your reply ) until then hubby and I will anxiously wait 😝;gratitude;joy;positive;90%;;1.007.866;joy;95%;;28/04/2026;20:00:14;28/04/2026;20:00:27;-;-0.024999999999999994;0.6;+;0.6114;0.228;0.074;0.698;+;negative;fear;gratitude;neutral;fear;joy
ef4qmod;We need more boards and to create a bit more space for [NAME]. Then we’ll be good.;desire;neutral;positive;90%;;1.007.866;joy;90%;;28/04/2026;20:00:30;28/04/2026;20:00:35;+;0.5666666666666667;0.5333333333333333;+;0.6124;0.263;0.0;0.737;+;anticipation;neutral;optimism;neutral;neutral;joy
ed8wbdn;Damn youtube and outrage drama is super lucrative for reddit;admiration;joy;negative;95%;;1.007.866;anger;95%;;28/04/2026;20:00:42;28/04/2026;20:00:54;+;0.3333333333333333;0.6666666666666666;-;-0.2732;0.231;0.355;0.414;-;anger;anger;admiration;anger;anger;joy
